,predictions
0,9.576745267082199
1,9.886721857045815
2,11.625067322411095
3,13.550147635692328
4,15.650350371979128
5,15.314537049920467
6,11.34248793119598
7,15.214174044040146
8,13.681830791317514
9,11.075582664982525
10,13.205153595750172
11,11.594417874146817
12,12.10569283680898
13,15.61999518677321
14,13.25793226936276
15,12.312897685035345
16,6.737244442938424
17,11.805937349646026
18,10.324466605795774
19,10.417240874743607
20,10.811497385736905
21,11.264909459287846
22,11.587028762039226
23,11.41357750652352
24,16.453445310083712
25,11.77602931867966
26,19.005337534155053
27,12.14204706673253
28,10.97637540422665
29,13.515350732079282
30,11.377442397469748
31,15.195354212539609
32,11.014787847355246
33,13.352839183571101
34,13.21560664714551
35,12.477554770782428
36,15.494662056165064
37,11.451976901674774
38,9.540224469539014
39,9.599668010417378
40,12.277742415747886
41,13.694529237187991
42,13.80306252471479
43,9.520238160074905
44,7.947599937602649
45,14.43350491111561
46,13.358111510158679
47,9.720572064230119
48,11.92999861350384
49,15.09911268199756
50,13.18853808865704
51,13.905903373804389
52,12.532474731912998
53,17.845101343096253
54,11.731686724097214
55,17.1674471149736
56,10.276805435505333
57,12.712089672453438
58,8.08437156771076
59,7.081516823985841
60,10.779181031840482
61,11.939847195075819
62,15.705765362370679
63,18.131348864904233
64,9.731226973417648
65,15.116577348453058
66,14.066530267389153
67,11.443009332035686
68,11.008360382103927
69,10.128664275025963
70,7.662587719563128
71,10.984671348917898
72,14.70206354228995
73,9.132771380987053
74,25.525666562881675
75,11.62052456823861
76,14.265139140175433
77,12.258636708312267
78,12.42656391900952
79,11.714588810857059
80,17.250536461663394
81,13.822372270015912
82,13.951696186482321
83,12.414108122773861
84,9.051704656859746
85,12.225900391539838
86,11.773864036974661
87,8.14919799196063
88,11.260413683514285
89,10.745055031939376
90,11.388965082387672
91,11.957076026595109
92,18.383931368475814
93,8.331365471590157
94,9.993595428270757
95,12.71692433937936
96,8.851593082607646
97,10.800855837201947
98,9.356112497812125
99,11.306940022320592
100,9.876654126742396
101,8.172933652351789
102,13.936601306148347
103,14.367217809984302
104,14.500754407538453
105,9.551530929754675
106,16.16985887708428
107,11.550097483860508
108,10.298234724217716
109,14.973257145155664
110,15.162992452397063
111,12.737407852874318
112,10.325333109194624
113,15.521215863188617
114,7.226256702324583
115,14.357452226573603
116,9.076746462134972
117,17.81992297850033
118,12.237210726496507
119,12.237210726496507
120,15.925013203511035
121,12.384838467354708
122,14.652901691251888
123,14.792566716798582
124,8.802695146094191
125,18.34056423745835
126,10.644837349234274
127,8.648507294265313
128,10.47731474433247
129,10.628249549748984
130,11.352596723480463
131,10.421556481367627
132,14.191503344691634
133,9.280324966654781
134,10.516226428923494
135,14.110308577755498
136,11.032972833802138
137,13.856205781979579
138,9.791195625046193
139,9.804464200835055
140,11.669463764251386
141,10.419915508076384
142,16.045993053679073
143,13.423278387394404
144,12.189600088927381
145,11.352641015091683
146,16.224824300637568
147,8.483825717450296
148,9.684531323886544
149,14.43350491111561
150,9.19288115417351
151,18.3652066924726
152,12.108548915970486
153,11.522052519673533
154,17.182726063012772
155,21.366493225469974
156,12.889590700078603
157,13.797126649603644
158,13.2585332846942
159,9.338828001690912
160,13.305449165170407
161,9.72339102049811
162,12.113174502218987
163,13.606442967953411
164,15.544318589638536
165,10.941417391408928
166,8.582079702056038
167,10.66415118645015
168,11.622270721567466
169,9.660379481875902
170,13.16962341220269
171,17.068931174972125
172,11.164304693808278
173,10.99034705707067
174,9.544281948712275
175,19.389326664340942
176,13.1580792876748
177,9.804464200835055
178,10.769836720774128
179,14.448316744183709
180,16.789401321664165
181,15.038771324921385
182,12.230323850606888
183,11.773302833115272
184,12.23613557291741
185,11.453874471897533
186,12.464560323745538
187,12.345506741611539
188,12.501413236316697
189,9.30488338824023
190,12.645640524092991
191,16.103943341638807
192,17.340296766243842
193,7.192211755850944
194,8.68637270975368
195,11.815432637245348
196,9.797003784983243
197,10.151027031069306
198,11.024200519677507
199,14.566206083331375
200,13.353982463426238
201,12.383426833031622
202,9.543386066943059
203,13.952803447897374
204,10.78988606338575
205,12.088032138871242
206,18.39266351019053
207,16.368125798601337
208,12.194945138427592
209,20.36762635277891
210,11.513502685961639
211,14.03896527576476
212,15.203645103371334
213,12.163033163971377
214,12.10161421143701
215,13.401944162952503
216,11.7068601308866
217,15.223767524501055
218,12.16502372935109
219,9.60948172378733
220,15.51028106902573
221,9.398064223637304
222,11.986332024505778
223,13.2350252013418
224,10.283875849967597
225,16.771863833859282
226,10.202024452077374
227,23.78455169033984
228,12.92636959940289
229,19.775543005675623
230,16.70868725641656
231,15.300605720383436
232,13.761388109786902
233,11.327592566058765
234,11.688029855421052
235,13.114533949367992
236,6.999358696492208
237,25.2957543778832
238,10.202458716013586
239,11.78585628042939
240,14.824194741795461
241,14.341907301133732
242,17.50461695544216
243,8.590916846730691
244,11.640137684740456
245,17.796785631831558
246,13.434271648346611
247,17.421510518810337
248,8.933646389932147
249,10.613763568999154
250,12.318724266488061
251,13.050359331398107
252,13.40673850099054
253,7.632552634023468
254,12.053219972692256
255,12.080877518390857
256,8.985732256495757
257,12.257424767217321
258,17.999481172070567
259,16.240094589098828
260,12.083741428306707
261,11.873193384698773
262,11.02568709781036
263,15.429163108345767
264,10.566621052781962
265,12.159396203393094
266,14.911972711133046
267,15.191371162867773
268,12.42887561822271
269,14.467564756815626
270,12.284874103598234
271,10.06357413327401
272,11.258841394414201
273,14.227027717071545
274,12.278999764719115
275,13.165884582811769
276,15.567714732465786
277,17.433648296219467
278,20.488010863064677
279,15.145917253531273
280,14.357093712742852
281,12.040498453849453
282,10.702748100890505
283,11.819143902955897
284,7.180545427497789
285,9.720273068466295
286,16.623528168637986
287,14.281704021107785
288,14.67606736816344
289,9.672270062242953
290,11.858312744935423
291,12.971145414537132
292,15.407330640710876
293,14.441968522946677
294,13.200567875817152
295,9.46591094921314
296,16.543674972778003
297,8.306329456576517
298,10.473046434346054
299,12.323808261310305
300,12.018632615472626
301,11.76104970643013
302,11.82168419241943
303,15.643239785430639
304,11.876953410992934
305,10.765972355077015
306,10.78947768402474
307,16.947904039738134
308,11.282674568374443
309,16.775467712793347
310,12.10459869152776
311,14.08294795302259
312,11.280653872743136
313,12.053766520564416
314,12.858684953949686
315,12.610861809143183
316,12.283595197875464
317,14.987029714526523
318,13.345840577382667
319,10.152560552781019
320,11.904617133322725
321,9.262980752319287
322,13.619625527703704
323,11.159841602849179
324,17.146735148352793
325,15.988371348953132
326,17.39490873545409
327,11.729635978058987
328,16.65114982063614
329,12.644092430139397
330,9.540224469539014
331,20.095030152760252
332,11.431380859410595
333,9.933433492617668
334,15.974509085344508
335,7.076197951425125
336,10.298300172035706
337,10.512714542901266
338,9.041784793505409
339,13.715663279049162
340,11.273652728954636
341,12.182583953305508
342,11.627262327392192
343,16.0744527070631
344,17.462416745388204
345,12.43594383138904
346,11.299503350424771
347,11.691026482451097
348,12.995689116557095
349,14.004853469560082
350,10.674188315704244
351,14.272017288611442
352,7.9981993915801155
353,14.140215141844891
354,10.322566997282308
355,11.279874970692156
356,10.08693678001164
357,12.017834612122005
358,13.088258065065547
359,15.9014240340084
360,12.448702415150397
361,13.54755741608117
362,10.62783870988523
363,12.972207389654676
364,15.488765745463203
365,13.371102507066356
366,13.352218468605711
367,11.03220637744083
368,18.40810282122459
369,11.51815237191223
370,15.733981375386948
371,15.46496061104233
372,14.68295374781407
373,12.780662274434063
374,12.097213348596705
375,10.535395555680976
376,16.050673535658138
377,12.314322863804687
378,15.996748179811059
379,10.060167266921669
380,14.320383706338363
381,11.90972479322995
382,11.185288219975414
383,10.999161060614949
384,9.182759822206235
385,15.194838783097348
386,12.171405259527605
387,9.097396819787685
388,13.982334521910907
389,11.189168009251441
390,11.697268131678005
391,18.315295391401737
392,22.44076636356138
393,11.997266623178653
394,9.394669160230073
395,10.745930557782039
396,13.098435860967118
397,10.696085455217462
398,12.054287629705744
399,12.076953852940798
400,12.648785077640706
401,12.213711616788059
402,14.739218825013616
403,10.671009217980579
404,10.296271564896646
405,12.225573240103028
406,14.923289860191366
407,12.904909457195021
408,11.60815307748421
409,11.998991674355556
410,15.817452569482336
411,12.328651867975434
412,11.630587673445627
413,15.213853523590348
414,12.379698177175325
415,12.029777113209015
416,10.142501919900736
417,13.052206290927774
418,9.487645703377353
419,7.502608418731704
420,10.805495540500589
421,12.19735978698459
422,16.26928482258293
423,16.85684116566356
424,13.187049488885101
425,10.300626494356857
426,11.190520185141095
427,11.44145554497188
428,14.739029276128916
429,11.610787569923874
430,13.460248631280209
431,14.023686134916177
432,12.388514991532206
433,18.256164712159112
434,10.324466605795774
435,20.09279048094875
436,12.82235854856604
437,12.82235854856604
438,11.852850085994893
439,14.322015746068296
440,13.19012403881313
441,18.367264493166456
442,11.327341285483872
443,12.772554983194071
444,15.106745803283252
445,13.283613442756353
446,11.704878243511281
447,11.00889920710737
448,10.531725870523898
449,16.279147437334604
450,7.425470072453058
451,8.66021287728063
452,29.174709473070962
453,13.779030680066214
454,17.382788617385664
455,9.763792247463844
456,9.894629785779879
457,12.916137713435146
458,8.972009735012866
459,9.281750605491307
460,12.027707632757025
461,7.086979175830697
462,15.595347352784911
463,11.861605978025722
464,11.800999069528771
465,11.583445900522996
466,9.290335674030707
467,9.97271115160833
468,13.389070579714327
469,12.097493135960137
470,10.794209860985623
471,10.794209860985623
472,9.260020478169137
473,13.22384954219115
474,12.86624431087878
475,9.929468828550068
476,14.00125997311284
477,14.997645563865104
478,15.627289503562224
479,11.507180773484018
480,12.178898541945363
481,16.318482563540222
482,12.91986856973691
483,11.773864036974661
484,17.019877926126995
485,7.850830013616246
486,14.512739674857764
487,9.160839177379055
488,11.197709605499165
489,12.398687992741186
490,13.732093443703679
491,20.912291122073395
492,13.818225626925791
493,15.69841137724416
494,12.623822488569747
495,9.649514660130874
496,12.742292760905293
497,10.257111129674897
498,14.909086652037619
499,13.042862336378496
500,13.489611106557893
501,13.591393355464223
502,10.424948364810387
503,11.627262327392192
504,13.717577578371301
505,10.668654624895806
506,10.668654624895806
507,14.16641000648624
508,12.97137234417461
509,12.224598130318743
510,12.082823059788186
511,11.640027511344208
512,10.62920585253235
513,21.289036257072507
514,11.583867619314955
515,19.066324413180414
516,11.103090754941668
517,14.125127355503174
518,12.034019005859083
519,13.41730348073273
520,9.888927400274515
521,13.166473591160731
522,9.518573954912497
523,8.172115858995035
524,9.351791944853893
525,9.031710080017357
526,8.628522386344425
527,11.483461019563919
528,13.07353222231289
529,12.952842918515824
530,12.19119916489009
531,12.097213348596705
532,12.990418836922391
533,13.68047576689562
534,9.356013163662105
535,13.972573478071403
536,12.546681636821075
537,11.863222676042675
538,7.364503048365525
539,11.997266623178653
540,8.763733155459548
541,10.780949214297856
542,14.418325617113616
543,13.349129884914271
544,14.996359651930186
545,12.033267153450327
546,26.628156002074206
547,7.7431427268046855
548,8.599005990771378
549,9.42475122344325
550,12.780120519701695
551,13.087226901120717
552,10.371836893719088
553,12.042687719711873
554,16.061116615526192
555,15.19008865735288
556,12.412927317673459
557,12.905640416957414
558,14.697666843146388
559,10.463162301067753
560,15.77080319820902
561,8.951053031020104
562,14.61399310225747
563,10.426667648219496
564,13.18853808865704
565,7.631155435917973
566,16.09734453278429
567,13.538753459565863
568,13.819637944919808
569,13.041446795999466
570,12.239631552745598
571,13.203230938031115
572,16.679347648012715
573,12.088588706335948
574,16.404097117427703
575,11.253187708797716
576,10.10157928618851
577,10.048932763080213
578,11.25049022543214
579,8.885518464806717
580,12.148893363734816
581,12.998665352281298
582,11.826676988839655
583,14.389909970511113
584,8.599212810609135
585,10.598297860834409
586,10.152560552781019
587,11.90495374673992
588,11.396238274236111
589,11.293198872726261
590,15.154346155159429
591,8.24863596511214
592,6.271524751148537
593,12.930238281341403
594,11.67838148418873
595,8.030518327688567
596,12.004223741180049
597,10.030972946316872
598,6.028909726020704
599,14.982096455711197
600,15.133294458127654
601,11.84317902664683
602,17.193269581907504
603,17.193269581907504
604,11.96371805765177
605,13.671389463422473
606,17.172665499606488
607,9.406340746642057
608,14.589958577602669
609,14.078269193242237
610,9.359215638848998
611,12.460501196723072
612,11.511435907456688
613,12.032191468246449
614,12.335502179583345
615,12.197923250583823
616,15.051931494283938
617,8.476099688197216
618,11.85738189380258
619,13.320705383710731
620,15.147251171421747
621,11.209664936067291
622,10.632384857816065
623,12.040512819642712
624,13.324688711807362
625,12.525713545265544
626,11.083077651005956
627,8.802706754829211
628,9.533031615652115
629,13.246290540305454
630,12.57717172329704
631,11.222847869227062
632,26.224067311320475
633,9.356112497812125
634,14.127657325939968
635,12.914682969884021
636,8.09651237075786
637,18.25916039941101
638,12.780350124300336
639,10.120797131909871
640,11.163693853706057
641,18.82723922645263
642,9.6756592415749
643,5.890707007630897
644,11.66131626674869
645,11.146236496154883
646,9.800209066862385
647,11.561500480970084
648,14.388741607476275
649,17.433163779613096
650,12.695926851098406
651,15.714592325940586
652,11.448099995054905
653,14.928064107863271
654,15.361033203510972
655,10.550260672164521
656,10.584304816864567
657,8.277061639625492
658,10.41773193718133
659,13.594370739600956
660,11.153312885534683
661,11.973642972140771
662,13.624975269199608
663,8.246547766835379
664,16.21633695299941
665,12.390724745041089
666,9.680505228841888
667,12.207149633558522
668,17.37299779627473
669,9.872186429649588
670,8.842980952695466
671,13.127144946442902
672,8.44130282745655
673,11.997889342553067
674,10.441909599739835
675,10.83288508342072
676,12.619333315426232
677,12.864576745247351
678,23.56148443947486
679,12.05884272359734
680,14.79717484697638
681,11.307026850313088
682,13.80479821365252
683,14.161364868407487
684,9.507183891657975
685,13.16474008387722
686,14.97683275630853
687,15.740101083769007
688,10.812247599327248
689,11.923779720552949
690,13.926147786160758
691,14.087900959676963
692,13.12555214368548
693,12.359226607605937
694,9.94361499544919
695,12.924079066902049
696,9.91103252993823
697,11.277208528051116
698,14.574935707131198
699,9.227165564835289
700,10.121732865029156
701,14.081434334335437
702,13.846410642409662
703,9.356112497812125
704,13.498014565845555
705,15.946788367910981
706,15.090710497044387
707,13.146727190408317
708,14.150843270949277
709,15.347568010190203
710,11.408349254168783
711,13.093286091656672
712,12.704714235124149
713,12.140522696911235
714,15.28055110147989
715,10.52816015970852
716,8.688107259286783
717,13.185836509275283
718,10.213894644139527
719,18.83793847800285
720,18.340599699193724
721,12.769147500422001
722,14.983191752720048
723,12.28549124175628
724,22.61076598838938
725,11.385646935652245
726,23.229255861254114
727,15.000713145346634
728,14.205682647583924
729,8.871077264694748
730,12.02157035468609
731,12.433371281775939
732,9.590325804448229
733,16.28502700833262
734,10.350861754225996
735,12.173050914915489
736,9.550330093728496
737,10.183080871534424
738,7.1003644848371374
739,14.22464856955005
740,9.762742259613692
741,10.463799227771169
742,12.282600455510206
743,12.070082178831948
744,16.86400973762397
745,16.86400973762397
746,14.659464120129623
747,14.659464120129623
748,15.541220400688465
749,13.718236511382859
750,15.995350641273449
751,11.990347584233826
752,11.459165699410061
753,15.842629679594786
754,8.24153660794489
755,8.78459093404368
756,13.364051082028391
757,9.646223961622173
758,13.082845101410385
759,12.55573488292447
760,10.558717859479886
761,10.007502075889166
762,17.307098599445723
763,10.795070804965471
764,13.418975982545016
765,16.195286695322586
766,11.341704140665604
767,13.355111884218353
768,20.77911818403036
769,13.202529288364044
770,14.186222080260137
771,11.187821345237056
772,8.607862213796496
773,8.607862213796496
774,17.265735356516778
775,9.009903973141116
776,10.637280535039206
777,13.020698792915836
778,11.922737984086504
779,11.836977722817412
780,15.624930480311486
781,11.418884061612172
782,11.741935755135442
783,11.768653253576698
784,13.722608966627115
785,15.123106930170225
786,13.963682791583006
787,20.370221445250714
788,13.38756308157489
789,9.903245299644025
790,12.549297260617633
791,15.300605720383436
792,13.671877796384933
793,11.531119268071025
794,21.52288834430946
795,9.125709706596632
796,12.766542905185409
797,10.347122647947362
798,15.423395723701317
799,9.944030384459724
800,10.986384633130372
801,12.237856158338918
802,8.365320468765908
803,14.791023640100802
804,12.033587369692775
805,9.062261323188453
806,14.595184872893956
807,14.091364919051436
808,6.459272214706545
809,14.582075257718786
810,15.533675654037058
811,10.017029053310814
812,12.468788968654058
813,10.828213085604295
814,9.393069239012247
815,12.043499625696231
816,12.043499625696231
817,8.832472978888864
818,8.81038547703319
819,11.491178953687958
820,9.970149049748533
821,10.414678528045355
822,8.27179972983133
823,11.544880374959495
824,10.181324141696967
825,14.278485753561124
826,11.625163749746632
827,10.987953172066241
828,9.656442211400938
829,8.879179502452798
830,12.888684427228823
831,12.211340373603726
832,9.21053609668318
833,10.104785312618139
834,12.872063673559405
835,11.617447453526323
836,12.98565486870972
837,12.744452140314177
838,11.730797673312656
839,11.720688854803491
840,12.808911889271137
841,19.38818533444715
842,14.101171210071655
843,12.22131392575624
844,14.613609217665594
845,8.742710868758323
846,13.15660481729688
847,12.070416248856624
848,12.948360582892024
849,8.70918475674517
850,17.500834267154247
851,11.101073270753858
852,14.777497725019758
853,11.178770953311108
854,14.007706926085651
855,16.159777566438397
856,6.358245640136068
857,12.587725887291878
858,16.657165936430655
859,16.69421520443669
860,13.367211857163445
861,11.63089552304927
862,10.90496228310014
863,5.9315010220261755
864,11.796004895959863
865,14.803225170166352
866,11.910719067098187
867,16.95124707327545
868,8.959148836063028
869,12.170575561473989
870,12.25694129375964
871,14.896739284146566
872,14.895435590381949
873,11.785666592253518
874,12.133395568538909
875,9.76458678621075
876,10.412177423763305
877,6.271524751148537
878,12.645828951825974
879,12.471494445687755
880,10.337905029020899
881,14.74195858968195
882,10.911490036458686
883,12.596720524103533
884,12.626455199144772
885,11.815950119684155
886,10.435272720752657
887,7.951802608494215
888,14.242478634395058
889,12.304004365348396
890,12.1913957551015
891,14.795575845476165
892,18.554024297503766
893,8.682911766925956
894,10.750262074596497
895,13.8606266635002
896,11.370821434396436
897,18.621377015422407
898,18.362575433562167
899,9.562163937803382
900,14.773654372679196
901,10.788099387511219
902,11.945246802471736
903,10.729968835732336
904,14.040656768795719
905,14.395845717598553
906,14.758723527908886
907,15.632850972095525
908,14.826832759936263
909,10.324011892536685
910,9.247423164056096
911,12.124079407883483
912,13.388541490833607
913,11.420853570034419
914,10.193538362042409
915,13.651496257392964
916,12.848270731131471
917,8.8050110893641
918,8.8050110893641
919,12.188402303961542
920,13.42284967359864
921,10.982892682564277
922,14.38927538891153
923,15.84264901016853
924,12.179545440771557
925,13.095545196452534
926,9.650067901691754
927,9.650067901691754
928,15.76246800613729
929,19.913643390148493
930,14.864422200191822
931,12.495517732487839
932,20.667248742474325
933,8.260660303425235
934,12.264851547451217
935,13.191279441991332
936,9.18010087164362
937,13.537121496065058
938,14.421442882693901
939,17.521972368263487
940,13.18258538917937
941,13.952729389765409
942,11.419757645452606
943,11.948805348395206
944,13.616260497222555
945,11.095251493280047
946,21.608113914339366
947,12.923016038419975
948,9.824479619826912
949,12.252142441043075
950,16.6360143226762
951,14.63681701775021
952,13.902700565479408
953,11.66131626674869
954,15.89070675596589
955,7.478630510448272
956,16.783114034649895
957,15.198646672821656
958,11.236578015313395
959,11.760678943512968
960,22.18593430422969
961,12.083923967075755
962,8.855423444160547
963,8.92548233756187
964,16.46390459170247
965,12.244383494967847
966,19.856047056807636
967,11.1301024439034
968,8.374056449976718
969,11.585674755911874
970,9.375158705219711
971,13.324682827444517
972,13.699790833665842
973,7.8633944882609805
974,17.089800296584684
975,11.966767856763449
976,21.55141375696983
977,13.33110709887346
978,9.624790982676553
979,14.226980643899362
980,16.863733465930075
981,15.352459714051255
982,10.210099446754585
983,12.188894414185024
984,11.410470472679057
985,13.770937323655062
986,11.017981809453147
987,11.750918467168628
988,9.587325425890997
989,12.279451746114342
990,11.669025176292394
991,10.759407777918275
992,13.170110867412085
993,13.644106964927982
994,11.282631134398134
995,17.519316538607328
996,11.113327189084783
997,15.607545587319564
998,11.412888899659485
999,16.205379740075237
1000,11.57805772745683
1001,13.468910228234565
1002,14.014314447039851
1003,10.080775617509424
1004,18.284468172080683
1005,10.250793109009269
1006,9.731128527521637
1007,9.241222808301647
1008,9.799402272668685
1009,12.997430798636548
1010,7.133795660330459
1011,12.775001987370016
1012,15.608893287304427
1013,12.92131203879878
1014,12.200342635829411
1015,11.820360190565166
1016,7.98836087173307
1017,12.097213348596705
1018,10.960078434272269
1019,12.497854797330538
1020,14.099396117524588
1021,10.542644160132047
1022,11.07380218235475
1023,19.28806433853965
1024,10.914137029587591
1025,10.910869522733673
1026,10.534185806122311
1027,13.891314631786244
1028,10.094953750708981
1029,10.978510107386558
1030,16.16881118744936
1031,12.62553298692362
1032,15.708157278799412
1033,12.200239025297739
1034,11.548357683476933
1035,14.492448110804228
1036,17.870156830879395
1037,13.248372263284804
1038,8.896069674942034
1039,12.170575561473989
1040,13.473830084730402
1041,13.64083333625155
1042,10.322303408421357
1043,10.095819362141825
1044,10.002695253792318
1045,9.063479124717295
1046,10.908758738141364
1047,16.035567723441805
1048,21.089508084566948
1049,8.354249063716217
1050,8.00750758479509
1051,12.954140300153089
1052,12.929259005093783
1053,10.607906434753108
1054,11.418173452119959
1055,9.389740526511938
1056,15.020959496901343
1057,12.222460424191105
1058,11.048703958732256
1059,12.297749658678056
1060,12.626179166355891
1061,9.349769250758479
1062,12.773200482575726
1063,13.614187865986375
1064,11.293783155974614
1065,12.362423447497292
1066,10.268772707734138
1067,14.028853496682588
1068,11.710905134529247
1069,13.660678233346172
1070,12.617498298237534
1071,10.296218893833194
1072,15.069078115315307
1073,12.925202978195331
1074,10.67845074599457
1075,10.598887321912649
1076,18.103899151244555
1077,11.03163968092463
1078,11.666598284815553
1079,11.512489869226243
1080,9.81868595005374
1081,23.47512207308614
1082,11.12346891564626
1083,11.756341397006217
1084,20.56648043652406
1085,11.529251874829392
1086,9.201810813630544
1087,12.323921996609531
1088,11.271554900617986
1089,9.213798286189599
1090,11.74626364285919
1091,10.664765756274218
1092,8.694526700642918
1093,16.101647581846027
1094,16.086332284793354
1095,8.749021417039508
1096,11.193454471526495
1097,11.04089065351363
1098,15.077982694734546
1099,12.937482205897563
1100,11.782742366758498
1101,14.307553246829855
1102,11.910719067098187
1103,10.766357443266221
1104,15.690380222257412
1105,14.053309316825436
1106,9.267232931908596
1107,14.015946219337685
1108,11.157380204606195
1109,16.34416490704389
1110,9.833937520957416
1111,12.185989930304348
1112,6.907498033132655
1113,7.661686455264997
1114,14.130295957378767
1115,12.72700527697773
1116,9.480031402526027
1117,12.397660286683536
1118,12.484657928425932
1119,14.225195265847837
1120,11.455762069577533
1121,9.129038971271317
1122,13.831295124407372
1123,13.819637944919808
1124,9.090433652936657
1125,11.615403577985303
1126,8.42226857915735
1127,12.117332232322815
1128,12.117332232322815
1129,12.806772624634874
1130,12.009273523172
1131,11.285824923966977
1132,7.603755923115143
1133,14.129485038842875
1134,13.137834329354659
1135,10.845347099523474
1136,11.70118036259634
1137,11.592790723760626
1138,11.726310095446978
1139,11.74515355242705
1140,23.942449032955206
1141,25.033794822848943
1142,11.774344006194518
1143,11.665901594068567
1144,13.758327595001358
1145,10.46825252966621
1146,16.268218844665377
1147,13.4602687630491
1148,14.414492123815592
1149,13.137655876421208
1150,15.373812860088918
1151,10.584304816864567
1152,12.292078486492954
1153,13.031632447868654
1154,14.520472636453363
1155,13.772232001322086
1156,9.956043332362427
1157,12.885815665687765
1158,10.88344037896876
1159,14.267762101211778
1160,11.841242318931949
1161,10.421556481367627
1162,12.27600362810271
1163,12.304415113590345
1164,13.538753459565863
1165,9.415562865841734
1166,12.780350124300336
1167,24.039603172224876
1168,10.83673836715678
1169,12.297749658678056
1170,18.106211828954155
1171,11.33764634739972
1172,13.482102747813888
1173,14.389979006055384
1174,12.58031577980272
1175,18.414719665555413
1176,12.950865743768015
1177,22.54137902765691
1178,12.084434886103097
1179,12.34979998679112
1180,13.749872488328883
1181,12.878663657025006
1182,15.611802386328975
1183,12.7776196535296
1184,9.611095768902253
1185,10.370642913587913
1186,13.202293112495841
1187,11.565088543966745
1188,12.471679059734113
1189,8.648507294265313
1190,6.549671215695651
1191,28.06849169547242
1192,12.758126025745941
1193,12.758126025745941
1194,10.389546018331188
1195,20.07251639066249
1196,8.00916575201785
1197,12.344875438835318
1198,10.02081135433522
1199,7.57640387695872
1200,15.623034369589554
1201,15.573474695208793
1202,14.04185026739015
1203,12.016325910140763
1204,14.324223271364703
1205,11.727424310886208
1206,13.281790286052635
1207,14.231038123072622
1208,14.666331132040868
1209,14.359670200066892
1210,11.26765436085758
1211,10.453408614346467
1212,11.575936672906568
1213,11.931354249184727
1214,7.858555212282915
1215,24.43832911700831
1216,7.445217389200953
1217,12.463616306790916
1218,12.89463902215631
1219,10.165257198971442
1220,13.43397153196166
1221,12.731123499939095
1222,14.628012781908781
1223,12.466304319477393
1224,11.94168850259803
1225,13.027985554441324
1226,10.826698760120657
1227,22.584513478403554
1228,10.48465067315671
1229,11.722515552492194
1230,7.593894738584748
1231,10.967502205486657
1232,9.649709698598691
1233,10.26355530121282
1234,11.947833372897193
1235,12.898842840334433
1236,12.992034831096204
1237,23.834799975687204
1238,16.124585052666852
1239,12.399145563513537
1240,13.131977288016232
1241,12.814409524995735
1242,13.9076352585017
1243,11.891073521492299
1244,16.11577175402926
1245,10.704001286680496
1246,26.92298835816767
1247,14.587038627598409
1248,14.881638412911514
1249,12.370145055117254
1250,15.459441312988245
1251,11.453176331346235
1252,9.712922689073999
1253,9.797329767640248
1254,10.897099236528543
1255,7.496897477111565
1256,14.407026059305814
1257,7.697346229056674
1258,8.808932380991285
1259,15.532620500216034
1260,13.34797305520985
1261,12.798317958538851
1262,12.743116212728049
1263,12.743116212728049
1264,17.16010310150814
1265,8.937365227926211
1266,10.668454154708673
1267,19.330563626392955
1268,14.737521193156548
1269,15.405756870766748
1270,10.535395555680976
1271,14.141642429775734
1272,12.613746041467957
1273,11.640080540360389
1274,12.134397899603142
1275,13.404539051955004
1276,25.770994353955025
1277,12.155480091278783
1278,11.96145794580805
1279,20.71297016699317
1280,10.797495335959983
1281,16.779644396430204
1282,16.735972201301824
1283,10.92891697377083
1284,8.129247083988163
1285,9.266373665179207
1286,12.819001022145054
1287,26.543905007410014
1288,13.745268663097459
1289,8.539204112770935
1290,7.548755312258676
1291,11.110040983200545
1292,13.216357586962483
1293,16.77769724748306
1294,9.511499589273473
1295,13.189791000537612
1296,9.851847969898849
1297,8.374056449976718
1298,15.2538579600473
1299,15.39108853163681
1300,10.455919374061251
1301,10.501102986668226
1302,14.661359820654827
1303,13.677618683108323
1304,8.797790306026194
1305,12.371113905853079
1306,18.68494908480575
1307,13.909102746333371
1308,14.073416856268988
1309,16.644155646425787
1310,13.880559601118398
1311,13.374948942165378
1312,13.144028106911046
1313,10.826698760120657
1314,10.978905890854973
1315,12.539999942113301
1316,14.37604535639958
1317,11.522011806664285
1318,12.328262227680474
1319,10.146052536701891
1320,9.94326461994903
1321,12.587470560033358
1322,12.864273677715337
1323,19.56068944806341
1324,16.15696270235905
1325,12.454949608163737
1326,10.45664959014518
1327,9.608693309120216
1328,13.124593833093394
1329,14.856999598947478
1330,9.362698885498927
1331,11.680042963913165
1332,14.329467835767815
1333,13.79190983630651
1334,11.106390644537031
1335,10.535501866310561
1336,9.55630401940449
1337,9.892516328683485
1338,19.24021910817964
1339,14.535409059857049
1340,18.473341319199747
1341,9.104552052466333
1342,14.651278945709294
1343,11.281775567802452
1344,13.152757849675638
1345,21.6878350792115
1346,8.374056449976718
1347,10.69631775697589
1348,18.733329446049975
1349,12.43896005608963
1350,11.278729643858766
1351,14.979541803052006
1352,8.98104877221651
1353,13.269565701957925
1354,12.387809193558914
1355,14.335088591493353
1356,17.014514194907928
1357,14.48264907887111
1358,17.65433755108551
1359,8.72098882533719
1360,20.419675431384977
1361,14.46211692224259
1362,15.297402559640418
1363,15.745903206748942
1364,10.493659408273647
1365,12.923016038419975
1366,17.449232845307293
1367,12.7544271320151
1368,13.245870263483962
1369,12.128385145764772
1370,13.451184892296856
1371,8.733184590490715
1372,15.20294016010001
1373,8.41998088888874
1374,13.513451074097027
1375,11.515363303811643
1376,11.594444294980558
1377,10.60908412236115
1378,14.018591184776511
1379,25.01163573484683
1380,18.105103413787692
1381,10.73001363630966
1382,11.183547396720765
1383,9.89739797916705
1384,15.50077137185607
1385,11.216879514106402
1386,12.167772927377436
1387,12.642501021400662
1388,11.60063813316796
1389,12.627129591807352
1390,7.57640387695872
1391,14.14694385962033
1392,11.588049494205357
1393,8.608566775106032
1394,13.778653173536481
1395,9.923429486039707
1396,10.541140694531391
1397,14.258960045901247
1398,12.855784046210573
1399,7.3439881013777795
1400,11.036179160479534
1401,17.76634022698379
1402,11.820902965393815
1403,10.743814312116225
1404,12.762149215050476
1405,14.826254306936802
1406,12.461634759797663
1407,13.167417113513425
1408,12.897165025763082
1409,15.783338462524481
1410,9.400735117057065
1411,9.19673321165119
1412,13.775854317954852
1413,11.738202469712038
1414,7.240976023506721
1415,11.123247611506201
1416,9.435671756349679
1417,7.836969630915341
1418,7.729523815937065
1419,8.25669651915869
1420,14.724201727782056
1421,6.921339671104084
1422,10.453753485040076
1423,11.27472856996528
1424,14.236700391549771
1425,12.146159790385807
1426,11.791907146779122
1427,8.260764786479847
1428,11.047181181313734
1429,13.076027969698133
1430,12.793539665797015
1431,9.949787849280662
1432,13.097504250092731
1433,17.058708221142734
1434,13.013315099882506
1435,15.352817110336293
1436,10.898357672505819
1437,15.23790427415223
1438,21.072441086504405
1439,12.858993444321472
1440,11.196123255265135
1441,23.106482941466275
1442,11.907111235848047
1443,14.165244713389344
1444,10.312793718416675
1445,11.51546724542954
1446,20.582514611846864
1447,14.165010035378282
1448,7.59233924840656
1449,14.096479344096462
1450,13.962401214175541
1451,13.10403079605157
1452,11.960387977629573
1453,12.59703441501707
1454,15.553762097124084
1455,10.488729723358547
1456,11.719573270672088
1457,16.891903975926017
1458,15.790810366366667
1459,15.790810366366667
1460,10.341081993260476
1461,11.835273214640194
1462,17.297856876423783
1463,14.555035595678628
1464,14.797800457532206
1465,11.564263118022764
1466,11.517995040500272
1467,12.087220514686015
1468,13.009265540475281
1469,8.578790802648387
1470,14.368221128650971
1471,14.368221128650971
1472,16.12987270750328
1473,11.672224359904302
1474,17.296903876570155
1475,14.777497725019758
1476,9.414000353901352
1477,18.82451027550484
1478,30.48663280955435
1479,9.907983755929036
1480,8.534500621605865
1481,10.628438435387258
1482,15.475129018832282
1483,11.214760737116094
1484,14.956815250045635
1485,13.49979801526271
1486,15.045464965294828
1487,12.645099415400985
1488,20.105104671253656
1489,14.203279299320736
1490,15.655342101941985
1491,13.170110867412085
1492,11.03247623514989
1493,10.008733855731714
1494,12.554221144892713
1495,11.151743024568717
1496,16.225473559481028
1497,18.897017862778373
1498,13.23724596270995
1499,18.816979332749902
1500,14.334869898862209
1501,15.606761907435386
1502,12.819372930290106
1503,15.207673609804658
1504,15.229248138345188
1505,10.97969857397219
1506,20.061035577135595
1507,13.566331174995197
1508,15.399538818325262
1509,12.384197411044429
1510,12.384197411044429
1511,15.033706140998275
1512,13.655803178743326
1513,13.979255325594764
1514,7.599053795973748
1515,15.627769959384374
1516,12.636753767529747
1517,10.705780458560985
1518,12.004327505748444
1519,10.461319205605099
1520,9.00371362585088
1521,15.313382372327526
1522,15.59833789544935
1523,10.661612550575201
1524,14.152199752761327
1525,16.56712734308702
1526,14.098621206898532
1527,10.960646351426206
1528,16.519632328488086
1529,16.519632328488086
1530,18.406857944789163
1531,15.64113926970526
1532,14.41233426870818
1533,10.607748616993728
1534,13.82268196562006
1535,13.116988725923646
1536,17.60376927308903
1537,17.971782139837845
1538,7.944073805945191
1539,10.75109498909188
1540,8.81941894402865
1541,12.073455143938993
1542,10.259883067747882
1543,8.566439666799191
1544,14.843011460844517
1545,13.27954978391625
1546,13.887197280624296
1547,11.160539551301518
1548,10.619797281638213
1549,11.168500587230216
1550,10.980316897691063
1551,9.870409084120526
1552,10.410611425794057
1553,18.50212921663609
1554,8.325095851325633
1555,13.810748567684765
1556,12.603676148262357
1557,10.346244821202871
1558,8.173308011142717
1559,9.88271938002095
1560,11.44652643326618
1561,16.114007113801577
1562,13.60140689904056
1563,15.226847244142402
1564,13.752079664136494
1565,13.418975982545016
1566,14.434414341294946
1567,9.823377006491693
1568,6.271524751148537
1569,15.952498381701192
1570,10.357763660096838
1571,10.184132134193398
1572,8.127535562777311
1573,18.307277977490575
1574,9.914377564980644
1575,15.609580240660671
1576,14.271275321784996
1577,10.915068465597969
1578,12.216603708727064
1579,17.016904081124455
1580,16.90678333174781
1581,10.81126400355421
1582,11.594417874146817
1583,15.481502920301383
1584,19.67977090463038
1585,11.150630851688504
1586,7.280488602688497
1587,6.852828615087188
1588,10.001826372209445
1589,11.731686724097214
1590,11.6706835684478
1591,11.512828500061321
1592,16.989336111219753
1593,10.611556336511839
1594,12.117089444782167
1595,10.18258630388284
1596,14.44488838935643
1597,12.58932887326164
1598,12.524563586570542
1599,14.106546420195984
1600,13.801991462977966
1601,15.763798476984496
1602,12.66748255655845
1603,14.708551478464939
1604,14.923236948846851
1605,15.269346363518062
1606,12.557101075580915
1607,16.996478930732557
1608,19.727813853402353
1609,14.803155971206753
1610,13.098435860967118
1611,14.72522792849656
1612,13.210937321787869
1613,17.05270186965547
1614,25.03351562132498
1615,9.690558689032276
1616,9.761290578547191
1617,27.84052308329763
1618,14.344572073868548
1619,12.74985182958072
1620,12.49105860203432
1621,16.03704720729552
1622,11.176302368392513
1623,18.545707267366524
1624,14.458825823405348
1625,11.2111633290975
1626,9.008914590659606
1627,8.283192940930107
1628,12.579832347894943
1629,19.608929214488175
1630,11.863227761227183
1631,17.58172579227755
1632,13.170110867412085
1633,19.768463991401813
1634,17.65516177909181
1635,8.911207568007198
1636,12.787848409061407
1637,11.94168850259803
1638,14.439895954220027
1639,10.247256727918455
1640,13.538455702575982
1641,14.361597059842108
1642,7.4351482180413715
1643,11.242466204176822
1644,15.506576866666991
1645,10.607743915165974
1646,15.838323889909375
1647,7.165865025239662
1648,15.124148231354365
1649,10.981839256583264
1650,13.255785733422659
1651,12.350158931633473
1652,12.013004006958614
1653,15.30864694318468
1654,9.53090218660793
1655,12.715701535707423
1656,14.174606509825816
1657,14.028248478681187
1658,11.205152886631765
1659,11.589032787145177
1660,18.142595811518007
1661,19.734727450311706
1662,11.570805150930415
1663,7.280488602688497
1664,15.146884245998283
1665,9.836650269065634
1666,14.85960158160161
1667,16.66133914768266
1668,12.361231174346758
1669,16.21306871698625
1670,13.821239299887797
1671,30.234850525798336
1672,13.015298450470995
1673,11.333592282446594
1674,11.925838018018338
1675,11.18081846692573
1676,8.540035626289914
1677,10.107803397758596
1678,14.914573925659154
1679,6.883708430953633
1680,12.617500517796506
1681,10.794209860985623
1682,15.399538818325262
1683,10.041780342553126
1684,10.627210969775302
1685,12.992294365240367
1686,8.127587848956924
1687,8.127587848956924
1688,8.880599828894276
1689,13.30323898343003
1690,21.04159035275662
1691,12.265985814872723
1692,11.5546482756872
1693,10.924450712204733
1694,11.299579792604444
1695,13.097230690994419
1696,15.233704106926895
1697,10.514049500190579
1698,17.272720587191554
1699,9.497328592283981
1700,13.223407585224948
1701,7.583230893565231
1702,10.869530991167055
1703,11.468149094008178
1704,9.96016639437528
1705,8.006137309444348
1706,12.288967585721956
1707,7.926367906037153
1708,16.247858546162938
1709,10.635570031363569
1710,20.221179604446444
1711,17.549072192247966
1712,8.749734613773224
1713,11.018851503610588
1714,12.012471777878627
1715,9.842226188731095
1716,10.092945756380702
1717,11.720208850706726
1718,10.298234724217716
1719,11.612613495506405
1720,15.853945940804996
1721,10.061255948297957
1722,12.573486443048283
1723,16.95378959623832
1724,17.417348486154836
1725,12.182583953305508
1726,11.77773213934743
1727,9.163795286730233
1728,19.50199836604577
1729,12.102540814069194
1730,16.376658464854724
1731,13.67445936273115
1732,13.226640873968412
1733,9.247423164056096
1734,13.82403939595055
1735,14.386870200869113
1736,16.036038950071728
1737,16.85684116566356
1738,12.010630151234231
1739,7.950157508216163
1740,15.7833452566234
1741,11.624428604678739
1742,13.827336610045425
1743,12.37460427759298
1744,13.435518378842579
1745,11.26307891805285
1746,11.910684619431933
1747,8.99789479520379
1748,15.411424451267049
1749,12.701599674015213
1750,14.31094242011508
1751,9.529423553460425
1752,14.244481190674213
1753,16.329317969854408
1754,10.898669950068415
1755,12.118901566249727
1756,10.717270784665786
1757,15.750461887190147
1758,12.477004623797741
1759,13.153560230179037
1760,11.604355309960477
1761,18.740861279351403
1762,15.485109455896962
1763,16.52255924363009
1764,11.710531779149894
1765,19.904304827345317
1766,10.112125517857832
1767,10.412028164006276
1768,15.245633877954523
1769,10.669434857134402
1770,12.576931442108338
1771,9.924156813172686
1772,9.27544737335024
1773,9.835556956750285
1774,17.913641397338225
1775,9.516134899657926
1776,8.956149297049576
1777,7.967511382423694
1778,12.720110982380056
1779,9.729406009472797
1780,13.473900313158419
1781,11.08724792451246
1782,8.556801869497885
1783,12.199780862530814
1784,14.092093106529825
1785,12.219152728067378
1786,13.54280717839073
1787,12.708159324757913
1788,11.818837570963675
1789,14.353648643212308
1790,14.446053784309756
1791,12.483815653796368
1792,8.222447688914547
1793,12.26595053600634
1794,11.047394066060553
1795,15.46328394447804
1796,11.757454376940395
1797,10.088176537916395
1798,14.777497725019758
1799,9.272834318685103
1800,12.451672462752091
1801,12.451672462752091
1802,10.298234724217716
1803,11.633850338324262
1804,17.869141191790977
1805,10.645435479821195
1806,9.434859560279751
1807,11.427710959674267
1808,7.47835358089116
1809,15.185624434759625
1810,13.170792879605937
1811,12.016143939205303
1812,23.808324353577024
1813,11.094795462898034
1814,13.634619225397413
1815,13.80155847391327
1816,15.062842202266692
1817,13.160689580035541
1818,11.785625255674095
1819,16.288338663123504
1820,17.445071279288236
1821,9.923429486039707
1822,15.49286474198788
1823,15.31052480903443
1824,11.816551213854817
1825,10.045805843039904
1826,11.991957957407111
1827,13.800425355484762
1828,13.703421156429116
1829,11.417811769047734
1830,15.060057021219025
1831,11.799301850602848
1832,12.633701916724446
1833,12.625865388193885
1834,6.822853795643602
1835,8.649120186415768
1836,11.747274129767828
1837,11.853451555650688
1838,14.034707068856767
1839,14.37472092455335
1840,8.628364974567122
1841,12.454056855050698
1842,15.004721380686698
1843,15.603298922317213
1844,12.121260836696168
1845,11.803442728511303
1846,12.930238281341403
1847,9.445549532581271
1848,16.36307906458803
1849,29.57207677801349
1850,10.74918314401973
1851,13.73875003172682
1852,15.627289503562224
1853,11.745859627220174
1854,17.37329582539709
1855,11.344733211919024
1856,12.218661383270192
1857,13.958411357394946
1858,14.157736102301019
1859,8.297474055504225
1860,8.242481901976738
1861,11.233705494459887
1862,12.631073144000226
1863,19.66373919269206
1864,11.922416843957562
1865,15.441289963283229
1866,12.645828951825974
1867,16.70593269550962
1868,10.378021855564509
1869,23.685702711318456
1870,12.700586719772653
1871,11.803442728511303
1872,13.354169507481373
1873,13.110089310453638
1874,9.35763117794811
1875,11.252200805232809
1876,11.815079722825057
1877,11.94368821096811
1878,13.833928598880505
1879,12.896449577299473
1880,11.448099995054905
1881,11.448450133518747
1882,13.52404843162563
1883,13.12361471382158
1884,12.66376158155444
1885,11.678485647373446
1886,13.04386676301966
1887,11.361300714425493
1888,10.672450749945417
1889,6.260828544595483
1890,8.739634288880833
1891,10.742113053728648
1892,19.315055640081688
1893,13.11350450527966
1894,14.964438399340713
1895,13.612787989341825
1896,10.520124899191456
1897,9.626140438511753
1898,11.051396795555819
1899,12.283706880087012
1900,13.142041935066535
1901,10.815836941110334
1902,13.724184108114368
1903,13.11725085381051
1904,16.52111033560285
1905,11.91356832891026
1906,14.981937532446903
1907,12.566430614933648
1908,14.077335309058
1909,12.86759650704773
1910,13.114533949367992
1911,14.628712764187725
1912,12.363890377850227
1913,13.36583318977241
1914,11.662556989975306
1915,9.721061292419131
1916,11.736600833126733
1917,12.892815488788134
1918,8.362499759925791
1919,16.890655991303454
1920,10.385309976288472
1921,10.821296988381299
1922,12.282286277897626
1923,11.437280700683127
1924,14.01429234469357
1925,10.54354496590289
1926,11.472106462848098
1927,5.841876159438966
1928,11.09407793068221
1929,12.377542885174174
1930,14.336258085224799
1931,11.265286565594543
1932,14.304881223766058
1933,12.377244149492917
1934,10.942857834560554
1935,15.275461587126165
1936,12.37660999276429
1937,11.991614043955453
1938,10.47474033174832
1939,10.501432240240261
1940,8.970858993613037
1941,9.681461889697117
1942,12.927515039047272
1943,10.995214516307172
1944,16.976734399446453
1945,12.477554770782428
1946,14.510985515923476
1947,16.403383075619924
1948,14.093514446703088
1949,12.55121358723146
1950,9.87168760906845
1951,11.734152830868998
1952,16.302539945450235
1953,12.245593300182568
1954,13.837857033131646
1955,15.092033275557716
1956,7.83432049536914
1957,8.38118239243043
1958,14.461570658415276
1959,9.950508117352106
1960,13.305216086556618
1961,13.493238245313501
1962,14.603662104766459
1963,11.703337527397881
1964,15.297612267040694
1965,14.073416856268988
1966,12.870696210509369
1967,15.333925691223028
1968,11.674790658984076
1969,11.171827066541391
1970,12.271082306039983
1971,15.014016445112542
1972,11.836498668645817
1973,10.543931290002794
1974,12.287489905045833
1975,18.74092015186473
1976,10.881452956129653
1977,11.589247730346244
1978,11.242549587841616
1979,12.059402436928858
1980,9.957954133231569
1981,10.725007218341098
1982,14.08294795302259
1983,13.284536970121202
1984,8.2212373063218
1985,9.942361747711448
1986,10.173590596467452
1987,11.401441850688334
1988,17.252358740784196
1989,15.742222141685566
1990,10.789074855083626
1991,12.332625250223998
1992,9.378008886318728
1993,13.952803447897374
1994,11.477615192202279
1995,15.169190541857267
1996,16.158238086357827
1997,15.36717593932754
1998,12.022478367694832
1999,13.06635290226015
2000,14.892588378434667
2001,7.660309131703176
2002,9.534043353902204
2003,14.282287347233918
2004,10.209234129279448
2005,10.302704308210313
2006,12.583513509969272
2007,12.427792097776923
2008,12.619251331341944
2009,10.873067542767766
2010,14.923682015181273
2011,9.080713176538111
2012,8.290346368797149
2013,10.193538362042409
2014,11.210768311447216
2015,9.73793885772509
2016,13.627788081107953
2017,16.750159790775307
2018,8.451179873596946
2019,11.738193186461077
2020,13.547856230824523
2021,10.913824204012595
2022,13.49509700371473
2023,11.465672901521355
2024,13.97888736632637
2025,8.2804473356241
2026,14.983024208328597
2027,11.535841640963575
2028,7.927745465569182
2029,17.707452705204737
2030,9.373128517197069
2031,9.951066753566524
2032,11.29307457056204
2033,15.657896980516135
2034,10.551393690012258
2035,10.698101390100836
2036,11.811547381358375
2037,27.14383939761274
2038,11.192978037613885
2039,16.48474840705079
2040,21.25581517866242
2041,11.875021653754297
2042,15.918200289950564
2043,12.414108122773861
2044,13.15649734502451
2045,10.487133772597831
2046,13.853662418770002
2047,8.625645180523193
2048,9.58541870634638
2049,11.468505443248066
2050,12.221288642698548
2051,9.675903615423374
2052,11.222378756195992
2053,17.833886409200932
2054,13.492257305975357
2055,7.879878872773545
2056,12.458029090602526
2057,13.48556737281314
2058,14.818509248248674
2059,10.643452001522547
2060,11.458933130759522
2061,11.759084645557284
2062,17.98615858133725
2063,12.460208397433433
2064,11.447705735178856
2065,10.72178518304005
2066,14.071719769717069
2067,9.257693460226664
2068,15.480255600259948
2069,10.984549447375885
2070,9.716066908442084
2071,13.89817668649565
2072,13.348105871862934
2073,10.201765629034352
2074,15.098639704963254
2075,13.077243887679199
2076,14.67760356245431
2077,22.13727678603453
2078,13.068922769762015
2079,15.615585767957464
2080,13.996761028667539
2081,14.986089320665501
2082,11.155619120298262
2083,25.319901853151347
2084,13.412406968334786
2085,11.319652964520253
2086,11.319652964520253
2087,10.316800556107918
2088,12.42887561822271
2089,12.413049868778188
2090,15.979081524272459
2091,14.617687045083587
2092,11.595485329333382
2093,11.208603642190955
2094,18.614526812471166
2095,12.2553830589099
2096,14.819483965408132
2097,15.418999983078233
2098,13.80080246777288
2099,13.789881655044882
2100,12.069673508766614
2101,10.594956914473473
2102,10.067766261776228
2103,8.000435605465047
2104,10.994355804021222
2105,24.48821030802887
2106,9.198010420821738
2107,9.268262790052297
2108,13.77652338418987
2109,14.311667507557496
2110,11.069423213252156
2111,10.275915072934827
2112,11.803442728511303
2113,15.216323800091349
2114,15.07835204095181
2115,12.85275482944476
